hour,arrival probability,turn_left_task,slow_vehicle_task,foreign_object_task,extreme_weather_task
15,0.731559935,0.6,0.3,0.05,0.05
16,0.790875605,0.4,0.4,0.1,0.1
17,0.988594506,0.4,0.5,0.05,0.05
18,0.790875605,0.5,0.4,0.05,0.05
19,0.593156703,0.3,0.6,0.05,0.05
